Workbook

Sheet Οδηγίες
A1: Πρότυπο ομίλων & εκπαιδευτικών — πλατφόρμα δήλωσης ομίλων
A3: Τι συμπληρώνετε
A4: • Συμπληρώνετε ΜΟΝΟ τα κίτρινα κελιά στα φύλλα «Όμιλοι» και «Εκπαιδευτικοί». Τα γκρι υπολογίζονται μόνα τους.
A5: • Μην αλλάζετε ονόματα φύλλων ή επικεφαλίδες στηλών — η πλατφόρμα τα διαβάζει με αυτά τα ονόματα.
A7: Φύλλο «Όμιλοι» — μία γραμμή ανά όμιλο
A8: • Κωδικός: μοναδικός ακέραιος (π.χ. 101, 102…). Χρησιμοποιείται παντού εσωτερικά· μην τον αλλάζετε αφού ανοίξουν οι δηλώσεις.
A9: • Ημέρα 1 / 2 / 3: μονός όμιλος (2 ώρες) → μόνο Ημέρα 1. Διπλός (4 ώρες) → Ημέρα 1 & 2. Τριπλός (6 ώρες) → και οι τρεις. Διαφορετικές ημέρες, με τη σειρά της εβδομάδας.
A10: • Τάξεις: ποιες τάξεις μπορούν να δηλώσουν τον όμιλο (π.χ. «Β-Γ»).
A11: • Χωρητικότητα: την ορίζει μόνο η διαχείριση (εδώ ή στην πλατφόρμα, «Όμιλοι» → «Διόρθωση»)· ο εκπαιδευτικός τη βλέπει αλλά δεν την αλλάζει.
A12: • Περιγραφή: προαιρετική· εμφανίζεται στους γονείς.
A13: • Παρεμφερείς: προαιρετική. Όμιλοι σε διαφορετικές ημέρες με την ίδια λέξη (π.χ. «ΑΓΓΛΙΚΑ») είναι παρεμφερείς: κάθε μαθητής παίρνει το πολύ έναν από αυτούς την εβδομάδα. Κενό = ο όμιλος δεν ανήκει σε ομάδα.
A14: Φύλλο «Εκπαιδευτικοί» — μία γραμμή ανά ζεύγος εκπαιδευτικού–ομίλου
... A19: Παραδείγματα (μόνο για τη μορφή — ΜΗΝ τα αντιγράψετε)
A20: Κωδικός | B20: Όνομα ομίλου | C20: Ημέρα 1 | D20: Ημέρα 2 | E20: Ημέρα 3 | F20: Τάξεις | G20: Χωρητικότητα | H20: Ώρες | I20: Περιγραφή | J20: Παρεμφερείς
A21: 101 | B21: Ρομποτική | C21: Δευτέρα | F21: Α | G21: 15 | H21: 2 | I21: Κατασκευή και προγραμματισμός ρομπότ
A22: 102 | B22: Θεατρική παράσταση | C22: Δευτέρα | D22: Πέμπτη | F22: Β-Γ | G22: 20 | H22: 4 | I22: Ανέβασμα παράστασης στο τέλος της χρονιάς
A24: Κωδικός ομίλου | B24: Επώνυμο | C24: Όνομα | D24: Email | E24: Όμιλος (έλεγχος)
A25: 102 | B25: ΠΑΠΑΔΟΠΟΥΛΟΥ | C25: ΕΛΕΝΗ | D25: epapadopoulou@sch.gr | E25: Θεατρική παράσταση
A26: 102 | B26: ΓΕΩΡΓΙΟΥ | C26: ΝΙΚΟΛΑΟΣ | D26: ngeorgiou@sch.gr | E26: Θεατρική παράσταση

Sheet Όμιλοι
A1: Κωδικός | B1: Όνομα ομίλου | C1: Ημέρα 1 | D1: Ημέρα 2 | E1: Ημέρα 3 | F1: Τάξεις | G1: Χωρητικότητα | H1: Ώρες | I1: Περιγραφή | J1: Παρεμφερείς
H2: =IF(B2="","",2*((C2<>"")+(D2<>"")+(E2<>"")))
H3: =IF(B3="","",2*((C3<>"")+(D3<>"")+(E3<>"")))
H4: =IF(B4="","",2*((C4<>"")+(D4<>"")+(E4<>"")))
H5: =IF(B5="","",2*((C5<>"")+(D5<>"")+(E5<>"")))
H6: =IF(B6="","",2*((C6<>"")+(D6<>"")+(E6<>"")))
H7: =IF(B7="","",2*((C7<>"")+(D7<>"")+(E7<>"")))
H8: =IF(B8="","",2*((C8<>"")+(D8<>"")+(E8<>"")))
H9: =IF(B9="","",2*((C9<>"")+(D9<>"")+(E9<>"")))
H10: =IF(B10="","",2*((C10<>"")+(D10<>"")+(E10<>"")))
H11: =IF(B11="","",2*((C11<>"")+(D11<>"")+(E11<>"")))
H12: =IF(B12="","",2*((C12<>"")+(D12<>"")+(E12<>"")))
H13: =IF(B13="","",2*((C13<>"")+(D13<>"")+(E13<>"")))
... H300: =IF(B300="","",2*((C300<>"")+(D300<>"")+(E300<>"")))

Sheet Εκπαιδευτικοί
A1: Κωδικός ομίλου | B1: Επώνυμο | C1: Όνομα | D1: Email | E1: Όμιλος (έλεγχος)
E2: =IF(A2="","",IFERROR(INDEX('Όμιλοι'!$B$2:$B$300,MATCH(A2,'Όμιλοι'!$A$2:$A$300,0)),";;"))
E3: =IF(A3="","",IFERROR(INDEX('Όμιλοι'!$B$2:$B$300,MATCH(A3,'Όμιλοι'!$A$2:$A$300,0)),";;"))
E4: =IF(A4="","",IFERROR(INDEX('Όμιλοι'!$B$2:$B$300,MATCH(A4,'Όμιλοι'!$A$2:$A$300,0)),";;"))
E5: =IF(A5="","",IFERROR(INDEX('Όμιλοι'!$B$2:$B$300,MATCH(A5,'Όμιλοι'!$A$2:$A$300,0)),";;"))
E6: =IF(A6="","",IFERROR(INDEX('Όμιλοι'!$B$2:$B$300,MATCH(A6,'Όμιλοι'!$A$2:$A$300,0)),";;"))
E7: =IF(A7="","",IFERROR(INDEX('Όμιλοι'!$B$2:$B$300,MATCH(A7,'Όμιλοι'!$A$2:$A$300,0)),";;"))
E8: =IF(A8="","",IFERROR(INDEX('Όμιλοι'!$B$2:$B$300,MATCH(A8,'Όμιλοι'!$A$2:$A$300,0)),";;"))
E9: =IF(A9="","",IFERROR(INDEX('Όμιλοι'!$B$2:$B$300,MATCH(A9,'Όμιλοι'!$A$2:$A$300,0)),";;"))
E10: =IF(A10="","",IFERROR(INDEX('Όμιλοι'!$B$2:$B$300,MATCH(A10,'Όμιλοι'!$A$2:$A$300,0)),";;"))
E11: =IF(A11="","",IFERROR(INDEX('Όμιλοι'!$B$2:$B$300,MATCH(A11,'Όμιλοι'!$A$2:$A$300,0)),";;"))
E12: =IF(A12="","",IFERROR(INDEX('Όμιλοι'!$B$2:$B$300,MATCH(A12,'Όμιλοι'!$A$2:$A$300,0)),";;"))
E13: =IF(A13="","",IFERROR(INDEX('Όμιλοι'!$B$2:$B$300,MATCH(A13,'Όμιλοι'!$A$2:$A$300,0)),";;"))
... E300: =IF(A300="","",IFERROR(INDEX('Όμιλοι'!$B$2:$B$300,MATCH(A300,'Όμιλοι'!$A$2:$A$300,0)),";;"))
